x,mND1,mND2,mND3,mND4,mND5,mND6,mND7,mND8,mND9,mHFD1,mHFD2,mHFD3,mHFD4,mHFD5,mHFD6,mHFD7,mHFD8,mHFD9
Thiamine,8.68E-06,7.86E-06,7.36E-06,8.35E-06,7.52E-06,5.88E-06,6.47E-06,8.91E-06,5.14E-06,0,3.64E-07,4.62E-07,0,6.08E-07,4.40E-08,1.53E-07,1.41E-07,1.14E-07
Biocytin,1.49E-06,2.94E-08,2.89E-07,2.82E-06,6.40E-06,2.97E-06,5.49E-07,1.29E-06,0,0,0,0,0,3.66E-09,0,4.38E-11,0,8.73E-09
(-)-Riboflavin,4.98E-05,5.85E-05,3.87E-05,5.93E-05,8.40E-05,3.96E-05,3.62E-05,5.70E-05,4.34E-05,1.72E-05,4.30E-05,2.42E-05,1.41E-05,2.10E-05,2.02E-05,1.47E-05,1.34E-05,1.80E-05
Retinyl ester,6.73E-06,2.12E-06,3.53E-06,1.83E-05,2.06E-05,7.88E-06,5.51E-06,7.21E-06,4.33E-06,4.27E-07,1.66E-06,9.14E-07,7.49E-07,1.54E-06,1.06E-06,1.26E-06,4.24E-07,0
Dodecanoic acid,1.98E-06,3.95E-06,4.48E-06,1.86E-06,4.83E-07,5.04E-06,8.07E-06,2.45E-06,3.37E-06,6.93E-06,4.99E-06,6.25E-06,4.14E-06,4.70E-06,1.45E-05,6.44E-06,1.11E-05,8.34E-06
Calcitriol,2.39E-05,2.57E-05,2.70E-05,2.87E-05,5.80E-05,5.50E-05,2.15E-05,3.08E-05,6.97E-05,5.65E-05,9.46E-05,5.95E-05,9.00E-05,6.75E-05,3.33E-05,0.000110552,0.00011679,9.24E-05
